record_id,name,rating,category,status
1,Record_001,67.0,B,active
2,Record_002,74.0,C,inactive
3,Record_003,81.0,A,active
4,Record_004,88.0,B,inactive
5,Record_005,64.0,C,active
6,Record_006,71.0,A,inactive
7,Record_007,78.0,B,active
8,Record_008,85.0,C,inactive
9,Record_009,61.0,A,active
10,Record_010,68.0,B,inactive
11,Record_011,75.0,C,active
12,Record_012,82.0,A,inactive
13,Record_013,89.0,B,active
14,Record_014,65.0,C,inactive
15,Record_015,72.0,A,active
16,Record_016,79.0,B,inactive
17,Record_017,86.0,C,active
18,Record_018,62.0,A,inactive
19,Record_019,69.0,B,active
20,Record_020,76.0,C,inactive
21,Record_021,83.0,A,active
22,Record_022,90.0,B,inactive
23,Record_023,66.0,C,active
24,Record_024,73.0,A,inactive
25,Record_025,80.0,B,active
26,Record_026,87.0,C,inactive
27,Record_027,63.0,A,active
28,Record_028,70.0,B,inactive
29,Record_029,77.0,C,active
30,Record_030,84.0,A,inactive
31,Record_031,60.0,B,active
32,Record_032,67.0,C,inactive
33,Record_033,74.0,A,active
34,Record_034,81.0,B,inactive
35,Record_035,88.0,C,active
36,Record_036,64.0,A,inactive
37,Record_037,71.0,B,active
38,Record_038,78.0,C,inactive
39,Record_039,85.0,A,active
40,Record_040,61.0,B,inactive
41,Record_041,68.0,C,active
42,Record_042,75.0,A,inactive
43,Record_043,82.0,B,active
44,Record_044,89.0,C,inactive
45,Record_045,65.0,A,active
46,Record_046,72.0,B,inactive
47,Record_047,79.0,C,active
48,Record_048,86.0,A,inactive
49,Record_049,62.0,B,active
50,Record_050,69.0,C,inactive
51,Record_051,76.0,A,active
52,Record_052,83.0,B,inactive
53,Record_053,90.0,C,active
54,Record_054,66.0,A,inactive
55,Record_055,73.0,B,active
56,Record_056,80.0,C,inactive
57,Record_057,87.0,A,active
58,Record_058,63.0,B,inactive
59,Record_059,70.0,C,active
60,Record_060,77.0,A,inactive
61,Record_061,84.0,B,active
62,Record_062,60.0,C,inactive
63,Record_063,67.0,A,active
64,Record_064,74.0,B,inactive
65,Record_065,81.0,C,active
66,Record_066,88.0,A,inactive
67,Record_067,64.0,B,active
68,Record_068,71.0,C,inactive
69,Record_069,78.0,A,active
70,Record_070,85.0,B,inactive
71,Record_071,61.0,C,active
72,Record_072,68.0,A,inactive
73,Record_073,75.0,B,active
74,Record_074,82.0,C,inactive
75,Record_075,89.0,A,active
76,Record_076,65.0,B,inactive
77,Record_077,72.0,C,active
78,Record_078,79.0,A,inactive
79,Record_079,86.0,B,active
80,Record_080,62.0,C,inactive
81,Record_081,69.0,A,active
82,Record_082,76.0,B,inactive
83,Record_083,83.0,C,active
84,Record_084,90.0,A,inactive
85,Record_085,66.0,B,active
86,Record_086,73.0,C,inactive
87,Record_087,80.0,A,active
88,Record_088,87.0,B,inactive
89,Record_089,63.0,C,active
90,Record_090,70.0,A,inactive
91,Record_091,77.0,B,active
92,Record_092,84.0,C,inactive
